{"cameraMode":{"drawMode":0,"name":"Shaded","section":"Shading Mode"},"sceneLighting":false,"audioPlay":false,"sceneViewState":{"showFog":true,"showMaterialUpdate":false,"showSkybox":false,"showFlares":true,"showImageEffects":true,"showParticleSystems":true},"in2DMode":false,"pivot":{"x":6.012511253356934,"y":-0.47703659534454348,"z":-5.405658721923828},"rotation":{"x":0.11293911933898926,"y":0.8866573572158814,"z":-0.3310197591781616,"w":0.3025147318840027},"size":2.382169485092163,"orthographic":false}