{"cameraMode":{"drawMode":0,"name":"Shaded","section":"Shading Mode"},"sceneLighting":false,"audioPlay":false,"sceneViewState":{"showFog":true,"showMaterialUpdate":false,"showSkybox":false,"showFlares":true,"showImageEffects":true,"showParticleSystems":true},"in2DMode":false,"pivot":{"x":-0.8834367990493774,"y":2.7123920917510988,"z":0.16774940490722657},"rotation":{"x":0.048763830214738849,"y":-0.9501240253448486,"z":0.24039055407047273,"w":0.19270320236682893},"size":2.654526472091675,"orthographic":false}